<?xml version="1.0" encoding="UTF-8" standalone="yes"?>
<Properties xmlns="http://schemas.openxmlformats.org/officeDocument/2006/extended-properties" xmlns:vt="http://schemas.openxmlformats.org/officeDocument/2006/docPropsVTypes"><Application>Microsoft Excel</Application><DocSecurity>0</DocSecurity><ScaleCrop>false</ScaleCrop><HeadingPairs><vt:vector size="2" baseType="variant"><vt:variant><vt:lpstr>Листы</vt:lpstr></vt:variant><vt:variant><vt:i4>13</vt:i4></vt:variant></vt:vector></HeadingPairs><TitlesOfParts><vt:vector size="13" baseType="lpstr"><vt:lpstr>Годовой</vt:lpstr><vt:lpstr>Январь</vt:lpstr><vt:lpstr>Февраль</vt:lpstr><vt:lpstr>Март</vt:lpstr><vt:lpstr>Апрель</vt:lpstr><vt:lpstr>Май</vt:lpstr><vt:lpstr>Июнь</vt:lpstr><vt:lpstr>Июль</vt:lpstr><vt:lpstr>Август</vt:lpstr><vt:lpstr>Сентябрь</vt:lpstr><vt:lpstr>Октябрь</vt:lpstr><vt:lpstr>Ноябрь</vt:lpstr><vt:lpstr>Декабрь</vt:lpstr></vt:vector></TitlesOfParts><Company></Company><LinksUpToDate>false</LinksUpToDate><SharedDoc>false</SharedDoc><HyperlinksChanged>false</HyperlinksChanged><AppVersion>12.0000</AppVersion></Properties>