<?xml version="1.0" encoding="UTF-8" standalone="yes"?>
<worksheet xmlns="http://schemas.openxmlformats.org/spreadsheetml/2006/main" xmlns:r="http://schemas.openxmlformats.org/officeDocument/2006/relationships"><dimension ref="A1:W8"/><sheetViews><sheetView tabSelected="1" workbookViewId="0"><selection activeCell="C5" sqref="C5:C8"/></sheetView></sheetViews><sheetFormatPr defaultRowHeight="15"/><cols><col min="1" max="1" width="11.7109375" customWidth="1"/><col min="2" max="2" width="12.7109375" customWidth="1"/><col min="23" max="23" width="16.7109375" customWidth="1"/></cols><sheetData><row r="1" spans="1:23"><c r="A1" s="29" t="s"><v>7</v></c><c r="B1" s="29"/><c r="C1" s="29"/><c r="D1" s="29"/><c r="E1" s="29"/><c r="F1" s="29"/><c r="G1" s="29"/><c r="H1" s="29"/><c r="I1" s="29"/><c r="J1" s="29"/><c r="K1" s="29"/><c r="L1" s="29"/><c r="M1" s="29"/><c r="N1" s="29"/><c r="O1" s="29"/><c r="P1" s="29"/><c r="Q1" s="29"/><c r="R1" s="29"/><c r="S1" s="29"/><c r="T1" s="29"/><c r="U1" s="29"/><c r="V1" s="29"/><c r="W1" s="29"/></row><row r="2" spans="1:23"><c r="A2" s="11" t="s"><v>0</v></c><c r="B2" s="11"/><c r="C2" s="9"/><c r="D2" s="9"/><c r="E2" s="9"/><c r="F2" s="9"/><c r="G2" s="9"/><c r="H2" s="9"/><c r="I2" s="9"/><c r="J2" s="9"/><c r="K2" s="9"/><c r="L2" s="9"/><c r="M2" s="9"/><c r="N2" s="9"/><c r="O2" s="9"/><c r="P2" s="9"/><c r="Q2" s="9"/><c r="R2" s="10"/><c r="S2" s="2"/><c r="T2" s="2"/><c r="U2" s="2"/><c r="V2" s="2"/><c r="W2" s="2"/></row><row r="3" spans="1:23"><c r="A3" s="9"/><c r="B3" s="9"/><c r="C3" s="9"/><c r="D3" s="9"/><c r="E3" s="9"/><c r="F3" s="9"/><c r="G3" s="9"/><c r="H3" s="9"/><c r="I3" s="9"/><c r="J3" s="9"/><c r="K3" s="9"/><c r="L3" s="9"/><c r="M3" s="9"/><c r="N3" s="9"/><c r="O3" s="9"/><c r="P3" s="9"/><c r="Q3" s="9"/><c r="R3" s="10"/><c r="S3" s="3"/><c r="T3" s="2"/><c r="U3" s="2"/><c r="V3" s="2"/><c r="W3" s="2"/></row><row r="4" spans="1:23" ht="38.25" customHeight="1"><c r="A4" s="5" t="s"><v>2</v></c><c r="B4" s="5" t="s"><v>1</v></c><c r="C4" s="5" t="s"><v>3</v></c><c r="D4" s="32" t="s"><v>4</v></c><c r="E4" s="32"/><c r="F4" s="32"/><c r="G4" s="32"/><c r="H4" s="32"/><c r="I4" s="32"/><c r="J4" s="32"/><c r="K4" s="32"/><c r="L4" s="32"/><c r="M4" s="32"/><c r="N4" s="32"/><c r="O4" s="32"/><c r="P4" s="32"/><c r="Q4" s="32"/><c r="R4" s="32"/><c r="S4" s="32"/><c r="T4" s="31" t="s"><v>8</v></c><c r="U4" s="32"/><c r="V4" s="32"/><c r="W4" s="6" t="s"><v>23</v></c></row><row r="5" spans="1:23"><c r="A5" s="34"/><c r="B5" s="34"/><c r="C5" s="33" t="s"><v>10</v></c><c r="D5" s="5"><v>1</v></c><c r="E5" s="5"><v>2</v></c><c r="F5" s="5"><v>3</v></c><c r="G5" s="5"><v>4</v></c><c r="H5" s="5"><v>5</v></c><c r="I5" s="5" t="s"><v>6</v></c><c r="J5" s="5"><v>7</v></c><c r="K5" s="5"><v>8</v></c><c r="L5" s="5"><v>9</v></c><c r="M5" s="5"><v>10</v></c><c r="N5" s="5"><v>11</v></c><c r="O5" s="5"><v>12</v></c><c r="P5" s="5"><v>13</v></c><c r="Q5" s="5"><v>14</v></c><c r="R5" s="5"><v>15</v></c><c r="S5" s="5"><v>16</v></c><c r="T5" s="37" t="s"><v>20</v></c><c r="U5" s="39" t="s"><v>21</v></c><c r="V5" s="41" t="s"><v>22</v></c><c r="W5" s="39"/></row><row r="6" spans="1:23"><c r="A6" s="35"/><c r="B6" s="35"/><c r="C6" s="33"/><c r="D6" s="5"><v>17</v></c><c r="E6" s="5"><v>18</v></c><c r="F6" s="5"><v>19</v></c><c r="G6" s="5"><v>20</v></c><c r="H6" s="5"><v>21</v></c><c r="I6" s="5"><v>22</v></c><c r="J6" s="5"><v>23</v></c><c r="K6" s="5"><v>24</v></c><c r="L6" s="5"><v>25</v></c><c r="M6" s="5"><v>26</v></c><c r="N6" s="5"><v>27</v></c><c r="O6" s="5"><v>28</v></c><c r="P6" s="5"><v>29</v></c><c r="Q6" s="5"><v>30</v></c><c r="R6" s="5"><v>31</v></c><c r="S6" s="8"/><c r="T6" s="38"/><c r="U6" s="40"/><c r="V6" s="42"/><c r="W6" s="43"/></row><row r="7" spans="1:23"><c r="A7" s="35"/><c r="B7" s="35"/><c r="C7" s="33"/><c r="D7" s="13"/><c r="E7" s="13"/><c r="F7" s="13"/><c r="G7" s="13"/><c r="H7" s="13"/><c r="I7" s="13"/><c r="J7" s="13"/><c r="K7" s="13"/><c r="L7" s="13"/><c r="M7" s="13"/><c r="N7" s="13"/><c r="O7" s="13"/><c r="P7" s="13"/><c r="Q7" s="13"/><c r="R7" s="13"/><c r="S7" s="13"/><c r="T7" s="12" t="s"><v>32</v></c><c r="U7" s="12" t="s"><v>32</v></c><c r="V7" s="12" t="s"><v>32</v></c><c r="W7" s="43"/></row><row r="8" spans="1:23"><c r="A8" s="36"/><c r="B8" s="36"/><c r="C8" s="33"/><c r="D8" s="4"/><c r="E8" s="4"/><c r="F8" s="4"/><c r="G8" s="4"/><c r="H8" s="4"/><c r="I8" s="4"/><c r="J8" s="4"/><c r="K8" s="4"/><c r="L8" s="4"/><c r="M8" s="4"/><c r="N8" s="4"/><c r="O8" s="4"/><c r="P8" s="4"/><c r="Q8" s="4"/><c r="R8" s="4"/><c r="S8" s="12"/><c r="T8" s="12" t="s"><v>32</v></c><c r="U8" s="12" t="s"><v>32</v></c><c r="V8" s="12" t="s"><v>32</v></c><c r="W8" s="40"/></row></sheetData><mergeCells count="10"><mergeCell ref="A1:W1"/><mergeCell ref="D4:S4"/><mergeCell ref="T4:V4"/><mergeCell ref="A5:A8"/><mergeCell ref="B5:B8"/><mergeCell ref="C5:C8"/><mergeCell ref="T5:T6"/><mergeCell ref="U5:U6"/><mergeCell ref="V5:V6"/><mergeCell ref="W5:W8"/></mergeCells><pageMargins left="0.7" right="0.7" top="0.75" bottom="0.75" header="0.3" footer="0.3"/></worksheet>