<?xml version="1.0" encoding="UTF-8" standalone="yes"?>
<worksheet xmlns="http://schemas.openxmlformats.org/spreadsheetml/2006/main" xmlns:r="http://schemas.openxmlformats.org/officeDocument/2006/relationships"><dimension ref="A1:W6"/><sheetViews><sheetView tabSelected="1" workbookViewId="0"><selection activeCell="B2" sqref="B2"/></sheetView></sheetViews><sheetFormatPr defaultRowHeight="15"/><cols><col min="1" max="1" width="11.7109375" customWidth="1"/><col min="2" max="2" width="12.7109375" customWidth="1"/><col min="23" max="23" width="18.140625" customWidth="1"/></cols><sheetData><row r="1" spans="1:23"><c r="A1" s="21" t="s"><v>25</v></c><c r="B1" s="21"/><c r="C1" s="21"/><c r="D1" s="21"/><c r="E1" s="21"/><c r="F1" s="21"/><c r="G1" s="21"/><c r="H1" s="21"/><c r="I1" s="21"/><c r="J1" s="21"/><c r="K1" s="21"/><c r="L1" s="21"/><c r="M1" s="21"/><c r="N1" s="21"/><c r="O1" s="21"/><c r="P1" s="21"/><c r="Q1" s="21"/><c r="R1" s="21"/><c r="S1" s="21"/><c r="T1" s="21"/><c r="U1" s="21"/><c r="V1" s="21"/><c r="W1" s="21"/></row><row r="2" spans="1:23"><c r="A2" s="13" t="s"><v>0</v></c><c r="B2" s="13"/><c r="C2" s="14"/><c r="D2" s="14"/><c r="E2" s="14"/><c r="F2" s="14"/><c r="G2" s="14"/><c r="H2" s="14"/><c r="I2" s="14"/><c r="J2" s="14"/><c r="K2" s="14"/><c r="L2" s="14"/><c r="M2" s="14"/><c r="N2" s="14"/><c r="O2" s="14"/><c r="P2" s="14"/><c r="Q2" s="14"/><c r="R2" s="14"/><c r="S2" s="14"/><c r="T2" s="14"/><c r="U2" s="14"/><c r="V2" s="14"/><c r="W2" s="14"/></row><row r="3" spans="1:23"><c r="A3" s="6"/><c r="B3" s="6"/><c r="C3" s="14"/><c r="D3" s="14"/><c r="E3" s="14"/><c r="F3" s="14"/><c r="G3" s="14"/><c r="H3" s="14"/><c r="I3" s="14"/><c r="J3" s="14"/><c r="K3" s="14"/><c r="L3" s="14"/><c r="M3" s="14"/><c r="N3" s="14"/><c r="O3" s="14"/><c r="P3" s="14"/><c r="Q3" s="14"/><c r="R3" s="14"/><c r="S3" s="14"/><c r="T3" s="14"/><c r="U3" s="14"/><c r="V3" s="14"/><c r="W3" s="14"/></row><row r="4" spans="1:23" ht="30" customHeight="1"><c r="A4" s="22" t="s"><v>2</v></c><c r="B4" s="22" t="s"><v>1</v></c><c r="C4" s="23" t="s"><v>26</v></c><c r="D4" s="24"/><c r="E4" s="24"/><c r="F4" s="25"/><c r="G4" s="23" t="s"><v>27</v></c><c r="H4" s="24"/><c r="I4" s="24"/><c r="J4" s="25"/><c r="K4" s="23" t="s"><v>28</v></c><c r="L4" s="24"/><c r="M4" s="24"/><c r="N4" s="25"/><c r="O4" s="23" t="s"><v>29</v></c><c r="P4" s="24"/><c r="Q4" s="24"/><c r="R4" s="25"/><c r="S4" s="23" t="s"><v>30</v></c><c r="T4" s="24"/><c r="U4" s="24"/><c r="V4" s="25"/><c r="W4" s="22" t="s"><v>22</v></c></row><row r="5" spans="1:23"><c r="A5" s="22"/><c r="B5" s="22"/><c r="C5" s="15" t="s"><v>5</v></c><c r="D5" s="15" t="s"><v>19</v></c><c r="E5" s="15" t="s"><v>18</v></c><c r="F5" s="15" t="s"><v>31</v></c><c r="G5" s="15" t="s"><v>9</v></c><c r="H5" s="15" t="s"><v>17</v></c><c r="I5" s="15" t="s"><v>16</v></c><c r="J5" s="16" t="s"><v>31</v></c><c r="K5" s="15" t="s"><v>15</v></c><c r="L5" s="15" t="s"><v>14</v></c><c r="M5" s="15" t="s"><v>13</v></c><c r="N5" s="15" t="s"><v>31</v></c><c r="O5" s="5" t="s"><v>12</v></c><c r="P5" s="5" t="s"><v>11</v></c><c r="Q5" s="5" t="s"><v>10</v></c><c r="R5" s="5" t="s"><v>31</v></c><c r="S5" s="15" t="s"><v>32</v></c><c r="T5" s="5" t="s"><v>23</v></c><c r="U5" s="5" t="s"><v>24</v></c><c r="V5" s="5" t="s"><v>21</v></c><c r="W5" s="22"/></row><row r="6" spans="1:23"><c r="A6" s="17"/><c r="B6" s="17"/><c r="C6" s="17"/><c r="D6" s="17"/><c r="E6" s="17"/><c r="F6" s="17"/><c r="G6" s="17"/><c r="H6" s="17"/><c r="I6" s="17"/><c r="J6" s="17"/><c r="K6" s="17"/><c r="L6" s="17"/><c r="M6" s="17"/><c r="N6" s="17"/><c r="O6" s="17"/><c r="P6" s="17"/><c r="Q6" s="17"/><c r="R6" s="17"/><c r="S6" s="17"/><c r="T6" s="17"/><c r="U6" s="17"/><c r="V6" s="17"/><c r="W6" s="18"/></row></sheetData><mergeCells count="9"><mergeCell ref="A1:W1"/><mergeCell ref="A4:A5"/><mergeCell ref="B4:B5"/><mergeCell ref="C4:F4"/><mergeCell ref="G4:J4"/><mergeCell ref="K4:N4"/><mergeCell ref="O4:R4"/><mergeCell ref="S4:V4"/><mergeCell ref="W4:W5"/></mergeCells><pageMargins left="0.7" right="0.7" top="0.75" bottom="0.75" header="0.3" footer="0.3"/></worksheet>