<?xml version="1.0" encoding="UTF-8" standalone="yes"?>
<workbook xmlns="http://schemas.openxmlformats.org/spreadsheetml/2006/main" xmlns:r="http://schemas.openxmlformats.org/officeDocument/2006/relationships"><fileVersion appName="xl" lastEdited="4" lowestEdited="4" rupBuild="4505"/><workbookPr defaultThemeVersion="124226"/><bookViews><workbookView xWindow="240" yWindow="60" windowWidth="24735" windowHeight="11700" activeTab="12"/></bookViews><sheets><sheet name="Годовой" sheetId="14" r:id="rId1"/><sheet name="Январь" sheetId="1" r:id="rId2"/><sheet name="Февраль" sheetId="2" r:id="rId3"/><sheet name="Март" sheetId="3" r:id="rId4"/><sheet name="Апрель" sheetId="15" r:id="rId5"/><sheet name="Май" sheetId="16" r:id="rId6"/><sheet name="Июнь" sheetId="17" r:id="rId7"/><sheet name="Июль" sheetId="18" r:id="rId8"/><sheet name="Август" sheetId="19" r:id="rId9"/><sheet name="Сентябрь" sheetId="20" r:id="rId10"/><sheet name="Октябрь" sheetId="21" r:id="rId11"/><sheet name="Ноябрь" sheetId="22" r:id="rId12"/><sheet name="Декабрь" sheetId="23" r:id="rId13"/></sheets><calcPr calcId="125725"/></workbook>