<?xml version="1.0" encoding="UTF-8" standalone="yes"?>
<sst xmlns="http://schemas.openxmlformats.org/spreadsheetml/2006/main" count="294" uniqueCount="34"><si><t>Год</t></si><si><t>Оборудование</t></si><si><t>Инвентарный номер</t></si><si><t>Месяц</t></si><si><t>Числа месяца</t></si><si><t>Январь</t></si><si><t>б</t></si><si><t>меcячный график планово-предупредительных ремонтов</t></si><si><t>Продолжитель-ность ремонтов, ч</t></si><si><t>Апрель</t></si><si><t>Декабрь</t></si><si><t>Ноябрь</t></si><si><t>Октябрь</t></si><si><t>Сентябрь</t></si><si><t>Август</t></si><si><t>Июль</t></si><si><t>Июнь</t></si><si><t>Май</t></si><si><t>Март</t></si><si><t>Февраль</t></si><si><t>TO</t></si><si><t>K</t></si><si><t>Общая продолжительность ремонтов, ч</t></si><si><t>T1</t></si><si><t>T2</t></si><si><t>годовой график планово-предупредительных ремонтов</t></si><si><t>1 кв.</t></si><si><t>2 кв.</t></si><si><t>3 кв.</t></si><si><t>4 кв.</t></si><si><t>Количество и продолжительность ремонтов, ч</t></si><si><t>Простои</t></si><si><t>T0</t></si><si><t>-</t></si></sst>