<?xml version="1.0" encoding="UTF-8" standalone="yes"?>
<styleSheet xmlns="http://schemas.openxmlformats.org/spreadsheetml/2006/main"><fonts count="4"><font><sz val="11"/><color theme="1"/><name val="Calibri"/><family val="2"/><charset val="204"/><scheme val="minor"/></font><font><sz val="10"/><color indexed="8"/><name val="Times New Roman"/><family val="1"/><charset val="204"/></font><font><sz val="8"/><color indexed="8"/><name val="Times New Roman"/><family val="1"/><charset val="204"/></font><font><sz val="11"/><color theme="1"/><name val="Times New Roman"/><family val="1"/><charset val="204"/></font></fonts><fills count="3"><fill><patternFill patternType="none"/></fill><fill><patternFill patternType="gray125"/></fill><fill><patternFill patternType="solid"><fgColor indexed="9"/><bgColor indexed="64"/></patternFill></fill></fills><borders count="11"><border><left/><right/><top/><bottom/><diagonal/></border><border><left style="thin"><color indexed="64"/></left><right style="thin"><color indexed="64"/></right><top style="thin"><color indexed="64"/></top><bottom style="thin"><color indexed="64"/></bottom><diagonal/></border><border><left/><right/><top/><bottom style="thin"><color indexed="64"/></bottom><diagonal/></border><border><left style="thin"><color indexed="64"/></left><right style="thin"><color indexed="64"/></right><top style="thin"><color indexed="64"/></top><bottom/><diagonal/></border><border><left style="thin"><color indexed="64"/></left><right style="thin"><color indexed="64"/></right><top/><bottom style="thin"><color indexed="64"/></bottom><diagonal/></border><border><left style="thin"><color indexed="64"/></left><right style="thin"><color indexed="64"/></right><top/><bottom/><diagonal/></border><border><left/><right style="thin"><color indexed="64"/></right><top style="thin"><color indexed="64"/></top><bottom style="thin"><color indexed="64"/></bottom><diagonal/></border><border><left style="thin"><color indexed="64"/></left><right/><top style="thin"><color indexed="64"/></top><bottom/><diagonal/></border><border><left style="thin"><color indexed="64"/></left><right/><top/><bottom style="thin"><color indexed="64"/></bottom><diagonal/></border><border><left style="thin"><color indexed="64"/></left><right/><top style="thin"><color indexed="64"/></top><bottom style="thin"><color indexed="64"/></bottom><diagonal/></border><border><left/><right/><top style="thin"><color indexed="64"/></top><bottom style="thin"><color indexed="64"/></bottom><diagonal/></border></borders><cellStyleXfs count="1"><xf numFmtId="0" fontId="0" fillId="0" borderId="0"/></cellStyleXfs><cellXfs count="44"><xf numFmtId="0" fontId="0" fillId="0" borderId="0" xfId="0"/><xf numFmtId="0" fontId="2" fillId="0" borderId="0" xfId="0" applyFont="1" applyFill="1" applyBorder="1" applyAlignment="1"><alignment vertical="top" wrapText="1"/></xf><xf numFmtId="0" fontId="2" fillId="0" borderId="2" xfId="0" applyFont="1" applyFill="1" applyBorder="1" applyAlignment="1"><alignment vertical="top" wrapText="1"/></xf><xf numFmtId="0" fontId="1" fillId="2" borderId="1" xfId="0" applyFont="1" applyFill="1" applyBorder="1" applyAlignment="1"><alignment horizontal="center" vertical="center" shrinkToFit="1"/></xf><xf numFmtId="0" fontId="1" fillId="2" borderId="1" xfId="0" applyFont="1" applyFill="1" applyBorder="1" applyAlignment="1"><alignment horizontal="center" vertical="center" wrapText="1"/></xf><xf numFmtId="0" fontId="1" fillId="0" borderId="1" xfId="0" applyFont="1" applyFill="1" applyBorder="1" applyAlignment="1"><alignment horizontal="center" vertical="center" wrapText="1"/></xf><xf numFmtId="0" fontId="3" fillId="0" borderId="0" xfId="0" applyFont="1" applyBorder="1"/><xf numFmtId="0" fontId="3" fillId="0" borderId="0" xfId="0" applyFont="1" applyFill="1" applyBorder="1"/><xf numFmtId="0" fontId="3" fillId="0" borderId="4" xfId="0" applyFont="1" applyBorder="1"/><xf numFmtId="0" fontId="1" fillId="0" borderId="0" xfId="0" applyFont="1" applyFill="1" applyBorder="1" applyAlignment="1"/><xf numFmtId="0" fontId="1" fillId="0" borderId="1" xfId="0" applyFont="1" applyFill="1" applyBorder="1" applyAlignment="1"><alignment horizontal="center" vertical="center" shrinkToFit="1"/></xf><xf numFmtId="0" fontId="3" fillId="0" borderId="1" xfId="0" applyFont="1" applyBorder="1" applyAlignment="1"><alignment horizontal="center" vertical="center" shrinkToFit="1"/></xf><xf numFmtId="0" fontId="1" fillId="2" borderId="1" xfId="0" applyFont="1" applyFill="1" applyBorder="1" applyAlignment="1"><alignment horizontal="center" vertical="center" wrapText="1"/></xf><xf numFmtId="0" fontId="3" fillId="0" borderId="1" xfId="0" applyFont="1" applyBorder="1"/><xf numFmtId="0" fontId="1" fillId="0" borderId="0" xfId="0" applyFont="1"/><xf numFmtId="0" fontId="1" fillId="0" borderId="1" xfId="0" applyFont="1" applyBorder="1" applyAlignment="1"><alignment horizontal="center" vertical="center" wrapText="1"/></xf><xf numFmtId="0" fontId="1" fillId="0" borderId="5" xfId="0" applyFont="1" applyFill="1" applyBorder="1" applyAlignment="1"><alignment horizontal="center" vertical="center" wrapText="1"/></xf><xf numFmtId="0" fontId="1" fillId="0" borderId="1" xfId="0" applyFont="1" applyBorder="1" applyAlignment="1"><alignment horizontal="center" vertical="center" shrinkToFit="1"/></xf><xf numFmtId="0" fontId="1" fillId="0" borderId="4" xfId="0" applyFont="1" applyBorder="1" applyAlignment="1"><alignment horizontal="center" vertical="center" shrinkToFit="1"/></xf><xf numFmtId="0" fontId="1" fillId="2" borderId="1" xfId="0" applyFont="1" applyFill="1" applyBorder="1" applyAlignment="1"><alignment horizontal="center" vertical="center" wrapText="1"/></xf><xf numFmtId="0" fontId="0" fillId="0" borderId="0" xfId="0" applyBorder="1"/><xf numFmtId="0" fontId="1" fillId="0" borderId="1" xfId="0" applyFont="1" applyBorder="1" applyAlignment="1"><alignment horizontal="center"/></xf><xf numFmtId="0" fontId="1" fillId="0" borderId="1" xfId="0" applyFont="1" applyBorder="1" applyAlignment="1"><alignment horizontal="center" vertical="center" wrapText="1"/></xf><xf numFmtId="0" fontId="1" fillId="0" borderId="9" xfId="0" applyFont="1" applyBorder="1" applyAlignment="1"><alignment horizontal="center" vertical="center" wrapText="1"/></xf><xf numFmtId="0" fontId="1" fillId="0" borderId="10" xfId="0" applyFont="1" applyBorder="1" applyAlignment="1"><alignment horizontal="center" vertical="center" wrapText="1"/></xf><xf numFmtId="0" fontId="1" fillId="0" borderId="6" xfId="0" applyFont="1" applyBorder="1" applyAlignment="1"><alignment horizontal="center" vertical="center" wrapText="1"/></xf><xf numFmtId="0" fontId="0" fillId="0" borderId="1" xfId="0" applyBorder="1"/><xf numFmtId="0" fontId="1" fillId="2" borderId="6" xfId="0" applyFont="1" applyFill="1" applyBorder="1" applyAlignment="1"><alignment horizontal="center" vertical="center" wrapText="1"/></xf><xf numFmtId="0" fontId="1" fillId="2" borderId="1" xfId="0" applyFont="1" applyFill="1" applyBorder="1" applyAlignment="1"><alignment horizontal="center" vertical="center" wrapText="1"/></xf><xf numFmtId="0" fontId="1" fillId="2" borderId="1" xfId="0" applyFont="1" applyFill="1" applyBorder="1" applyAlignment="1"><alignment horizontal="center" vertical="center"/></xf><xf numFmtId="0" fontId="1" fillId="2" borderId="3" xfId="0" applyFont="1" applyFill="1" applyBorder="1" applyAlignment="1"><alignment horizontal="center" vertical="center" shrinkToFit="1"/></xf><xf numFmtId="0" fontId="1" fillId="2" borderId="5" xfId="0" applyFont="1" applyFill="1" applyBorder="1" applyAlignment="1"><alignment horizontal="center" vertical="center" shrinkToFit="1"/></xf><xf numFmtId="0" fontId="1" fillId="2" borderId="4" xfId="0" applyFont="1" applyFill="1" applyBorder="1" applyAlignment="1"><alignment horizontal="center" vertical="center" shrinkToFit="1"/></xf><xf numFmtId="0" fontId="1" fillId="2" borderId="3" xfId="0" applyFont="1" applyFill="1" applyBorder="1" applyAlignment="1"><alignment horizontal="center" vertical="center"/></xf><xf numFmtId="0" fontId="1" fillId="2" borderId="4" xfId="0" applyFont="1" applyFill="1" applyBorder="1" applyAlignment="1"><alignment horizontal="center" vertical="center"/></xf><xf numFmtId="0" fontId="3" fillId="0" borderId="3" xfId="0" applyFont="1" applyBorder="1" applyAlignment="1"><alignment horizontal="center" vertical="center"/></xf><xf numFmtId="0" fontId="3" fillId="0" borderId="4" xfId="0" applyFont="1" applyBorder="1" applyAlignment="1"><alignment horizontal="center" vertical="center"/></xf><xf numFmtId="0" fontId="3" fillId="0" borderId="7" xfId="0" applyFont="1" applyBorder="1" applyAlignment="1"><alignment horizontal="center" vertical="center"/></xf><xf numFmtId="0" fontId="3" fillId="0" borderId="8" xfId="0" applyFont="1" applyBorder="1" applyAlignment="1"><alignment horizontal="center" vertical="center"/></xf><xf numFmtId="0" fontId="3" fillId="0" borderId="5" xfId="0" applyFont="1" applyBorder="1" applyAlignment="1"><alignment horizontal="center" vertical="center"/></xf><xf numFmtId="0" fontId="0" fillId="0" borderId="0" xfId="0"/><xf numFmtId="0" fontId="1" fillId="0" borderId="9" xfId="0" applyFont="1" applyBorder="1" applyAlignment="1"><alignment horizontal="center"/></xf><xf numFmtId="0" fontId="1" fillId="0" borderId="10" xfId="0" applyFont="1" applyBorder="1" applyAlignment="1"><alignment horizontal="center"/></xf><xf numFmtId="0" fontId="1" fillId="0" borderId="6" xfId="0" applyFont="1" applyBorder="1" applyAlignment="1"><alignment horizontal="center"/></xf></cellXfs><cellStyles count="1"><cellStyle name="Обычный" xfId="0" builtinId="0"/></cellStyles><dxfs count="0"/><tableStyles count="0" defaultTableStyle="TableStyleMedium9" defaultPivotStyle="PivotStyleLight16"/></styleSheet>