					<mx:FormItem label="Годовая производительность, т:">
					    <mx:ComboBox id="capacity_year">
					    <mx:ArrayCollection>
					        <mx:String>500 000 - 1 000 000</mx:String>
					        <mx:String>1 000 000 - 1 500 000</mx:String>
					        <mx:String>1 500 000 - 2 000 000</mx:String>
					    	<mx:String>2 000 000 - 2 500 000</mx:String>
					        <mx:String>2 500 000 - 3 000 000</mx:String>
					        <mx:String>3 000 000 - 3 500 000</mx:String>
					        <mx:String>3 500 000 - 4 000 000</mx:String>
					        <mx:String>4 500 000 - 5 000 000</mx:String>
					    </mx:ArrayCollection>
					    </mx:ComboBox> 
					</mx:FormItem>